{"cameraMode":{"drawMode":0,"name":"Shaded","section":"Shading Mode"},"sceneLighting":true,"audioPlay":false,"sceneViewState":{"showFog":false,"showMaterialUpdate":false,"showSkybox":false,"showFlares":false,"showImageEffects":false,"showParticleSystems":false},"in2DMode":false,"pivot":{"x":0.2157001495361328,"y":-0.6357989311218262,"z":-0.3344137966632843},"rotation":{"x":0.23977017402648927,"y":0.6513497829437256,"z":-0.2288036048412323,"w":0.682574987411499},"size":12.54870891571045,"orthographic":false}